<?xml version="1.0" encoding="UTF-8"?>
<project-private xmlns="http://www.netbeans.org/ns/project-private/1">
    <editor-bookmarks xmlns="http://www.netbeans.org/ns/editor-bookmarks/2" lastBookmarkId="0"/>
    <open-files xmlns="http://www.netbeans.org/ns/projectui-open-files/2">
        <group>
            <file>file:/Users/angela/NetBeansProjects/Lab4/src/labactivity/TestClass.java</file>
            <file>file:/Users/angela/NetBeansProjects/Lab4/src/conditions/NestedIF.java</file>
            <file>file:/Users/angela/NetBeansProjects/Lab4/src/conditions/SwitchCondition.java</file>
            <file>file:/Users/angela/NetBeansProjects/Lab4/src/conditions/Forloop.java</file>
            <file>file:/Users/angela/NetBeansProjects/Lab4/src/conditions/Months2.java</file>
            <file>file:/Users/angela/NetBeansProjects/Lab4/src/labactivity/Products.java</file>
        </group>
    </open-files>
</project-private>
