<?xml version="1.0" encoding="UTF-8"?>
<project-private xmlns="http://www.netbeans.org/ns/project-private/1">
    <editor-bookmarks xmlns="http://www.netbeans.org/ns/editor-bookmarks/2" lastBookmarkId="0"/>
    <open-files xmlns="http://www.netbeans.org/ns/projectui-open-files/2">
        <group>
            <file>file://NAS4.soit.local/Homes/angela.kuznetsova/My%20Documents/NetBeansProjects/Lab5/src/frame/MySecondFrame.java</file>
            <file>file://NAS4.soit.local/Homes/angela.kuznetsova/My%20Documents/NetBeansProjects/Lab5/src/activity/StudentLogo.java</file>
            <file>file://NAS4.soit.local/Homes/angela.kuznetsova/My%20Documents/NetBeansProjects/Lab5/src/frame/MyFirstFrame.java</file>
            <file>file://NAS4.soit.local/Homes/angela.kuznetsova/My%20Documents/NetBeansProjects/Lab5/src/activity/WeltecLogin.java</file>
            <file>file://NAS4.soit.local/Homes/angela.kuznetsova/My%20Documents/NetBeansProjects/Lab5/src/activity/TutorLogo.java</file>
        </group>
    </open-files>
</project-private>
